periodo,fecha,localidad,operador,direccion,bandera,producto,precio_surtidor,precio_con_impuestos
2026/08,2026-08-31 00:00:00,BAHIA BLANCA,ALICIA BEATRIZ BALLESI DE ZENGARINI,RUTA 35 9.5,YPF,Gas Oil Grado 2,2257,2272.18
2026/08,2026-08-31 00:00:00,BAHIA BLANCA,ALICIA BEATRIZ BALLESI DE ZENGARINI,RUTA 35 9.5,YPF,Gas Oil Grado 3,2429,2422.65
2026/08,2026-08-31 00:00:00,BAHIA BLANCA,ALICIA BEATRIZ BALLESI DE ZENGARINI,RUTA 35 9.5,YPF,Nafta (premium) de más de 95 Ron,2309,2302.64
2026/08,2026-08-31 00:00:00,BAHIA BLANCA,ALICIA BEATRIZ BALLESI DE ZENGARINI,RUTA 35 9.5,YPF,Nafta (súper) entre 92 y 95 Ron,2110,2102.84
2026/08,2026-08-31 00:00:00,BAHIA BLANCA,ALVAREZ NEUMATICOS S.A.,AV. CABRERA 4114,AXION,Gas Oil Grado 2,2379,2366.67
2026/08,2026-08-31 00:00:00,BAHIA BLANCA,ALVAREZ NEUMATICOS S.A.,AV. CABRERA 4114,AXION,Nafta (súper) entre 92 y 95 Ron,2169,2165.23
2026/08,2026-08-31 00:00:00,BAHIA BLANCA,AUTOMOVIL CLUB ARGENTINO,CHICLANA 301,YPF,Gas Oil Grado 2,2257,2272.04
2026/08,2026-08-31 00:00:00,BAHIA BLANCA,AUTOMOVIL CLUB ARGENTINO,CHICLANA 301,YPF,Gas Oil Grado 3,2429,2422.19
2026/08,2026-08-31 00:00:00,BAHIA BLANCA,AUTOMOVIL CLUB ARGENTINO,CHICLANA 301,YPF,Nafta (premium) de más de 95 Ron,2309,2302.65
2026/08,2026-08-31 00:00:00,BAHIA BLANCA,AUTOMOVIL CLUB ARGENTINO,CHICLANA 301,YPF,Nafta (súper) entre 92 y 95 Ron,2110,2103.24
2026/08,2026-08-31 00:00:00,BAHIA BLANCA,COMBUSTIBLESEL FORTIN S.R.L.,Necochea 112,PUMA,Gas Oil Grado 3,2541,2541
2026/08,2026-08-31 00:00:00,BAHIA BLANCA,COMBUSTIBLESEL FORTIN S.R.L.,Necochea 112,PUMA,Gas Oil Grado 2,2353,2353
2026/08,2026-08-31 00:00:00,BAHIA BLANCA,COMBUSTIBLESEL FORTIN S.R.L.,Necochea 112,PUMA,Nafta (súper) entre 92 y 95 Ron,2128,2128
2026/08,2026-08-31 00:00:00,BAHIA BLANCA,COMBUSTIBLESEL FORTIN S.R.L.,Necochea 112,PUMA,Nafta (premium) de más de 95 Ron,2323,2323
2026/08,2026-08-31 00:00:00,BAHIA BLANCA,COMERCIAL BAHIA BLANCA S.A.,AV. SARMIENTO Y FRAGATA SARMIENTO,SHELL C.A.P.S.A.,Nafta (premium) de más de 95 Ron,2475,2475
2026/08,2026-08-31 00:00:00,BAHIA BLANCA,COMERCIAL BAHIA BLANCA S.A.,AV. SARMIENTO Y FRAGATA SARMIENTO,SHELL C.A.P.S.A.,Gas Oil Grado 3,2475,2475
2026/08,2026-08-31 00:00:00,BAHIA BLANCA,COMERCIAL BAHIA BLANCA S.A.,AV. ALEM 2095,SHELL C.A.P.S.A.,Nafta (premium) de más de 95 Ron,2475,2475
2026/08,2026-08-31 00:00:00,BAHIA BLANCA,COMERCIAL BAHIA BLANCA S.A.,AV. ALEM 2095,SHELL C.A.P.S.A.,Gas Oil Grado 3,2499,2499
2026/08,2026-08-31 00:00:00,BAHIA BLANCA,COMERCIAL BAHIA BLANCA S.A.,OHIGGINS 401,SHELL C.A.P.S.A.,Nafta (súper) entre 92 y 95 Ron,2179,2179
2026/08,2026-08-31 00:00:00,BAHIA BLANCA,COMERCIAL BAHIA BLANCA S.A.,AV. ALEM 2095,SHELL C.A.P.S.A.,Nafta (súper) entre 92 y 95 Ron,2179,2179
2026/08,2026-08-31 00:00:00,BAHIA BLANCA,COMERCIAL BAHIA BLANCA S.A.,AV. ALEM 2095,SHELL C.A.P.S.A.,GNC,1030,1030
2026/08,2026-08-31 00:00:00,BAHIA BLANCA,COMERCIAL BAHIA BLANCA S.A.,AV. SARMIENTO Y FRAGATA SARMIENTO,SHELL C.A.P.S.A.,Gas Oil Grado 2,2375,2375
2026/08,2026-08-31 00:00:00,BAHIA BLANCA,COMERCIAL BAHIA BLANCA S.A.,AV. ALEM 2095,SHELL C.A.P.S.A.,Gas Oil Grado 2,2375,2375
2026/08,2026-08-31 00:00:00,BAHIA BLANCA,COMERCIAL BAHIA BLANCA S.A.,OHIGGINS 401,SHELL C.A.P.S.A.,Gas Oil Grado 3,2499,2499
2026/08,2026-08-31 00:00:00,BAHIA BLANCA,COMERCIAL BAHIA BLANCA S.A.,AV. SARMIENTO Y FRAGATA SARMIENTO,SHELL C.A.P.S.A.,Nafta (súper) entre 92 y 95 Ron,2179,2179
2026/08,2026-08-31 00:00:00,BAHIA BLANCA,COMERCIAL BAHIA BLANCA S.A.,OHIGGINS 401,SHELL C.A.P.S.A.,Nafta (premium) de más de 95 Ron,2475,2475
2026/08,2026-08-31 00:00:00,BAHIA BLANCA,CUCCHIARA HNOS. COMBUSTIBLES S.A.,Montevideo 605,YPF,Gas Oil Grado 3,2429,2420.85
2026/08,2026-08-31 00:00:00,BAHIA BLANCA,CUCCHIARA HNOS. COMBUSTIBLES S.A.,Montevideo 605,YPF,Nafta (súper) entre 92 y 95 Ron,2110,2102.09
2026/08,2026-08-31 00:00:00,BAHIA BLANCA,CUCCHIARA HNOS. COMBUSTIBLES S.A.,Montevideo 605,YPF,GNC,1030,1030
2026/08,2026-08-31 00:00:00,BAHIA BLANCA,CUCCHIARA HNOS. COMBUSTIBLES S.A.,Montevideo 605,YPF,Nafta (premium) de más de 95 Ron,2309,2301.49
2026/08,2026-08-31 00:00:00,BAHIA BLANCA,CUCCHIARA HNOS. COMBUSTIBLES S.A.,Montevideo 605,YPF,Gas Oil Grado 2,2257,2271.38
2026/08,2026-08-31 00:00:00,BAHIA BLANCA,EL TRIANGULO SA,RUTA 3 KM 677,AXION,Nafta (premium) de más de 95 Ron,2449,2441.14
2026/08,2026-08-31 00:00:00,BAHIA BLANCA,EL TRIANGULO SA,RUTA 3 KM 677,AXION,Gas Oil Grado 3,2439,2426.32
2026/08,2026-08-31 00:00:00,BAHIA BLANCA,EL TRIANGULO SA,RUTA 3 KM 677,AXION,Gas Oil Grado 2,2269,2259.76
2026/08,2026-08-31 00:00:00,BAHIA BLANCA,EL TRIANGULO SA,RUTA 3 KM 677,AXION,Nafta (súper) entre 92 y 95 Ron,2169,2166.15
2026/08,2026-08-31 00:00:00,BAHIA BLANCA,FIGARRA ROBERTO,SARMIENTO 891,PUMA,Gas Oil Grado 2,2353,2353
2026/08,2026-08-31 00:00:00,BAHIA BLANCA,FIGARRA ROBERTO,SARMIENTO 891,PUMA,Gas Oil Grado 3,2541,2541
2026/08,2026-08-31 00:00:00,BAHIA BLANCA,FIGARRA ROBERTO,SARMIENTO 891,PUMA,Nafta (súper) entre 92 y 95 Ron,2128,2128
2026/08,2026-08-31 00:00:00,BAHIA BLANCA,FIGARRA ROBERTO,SARMIENTO 891,PUMA,Nafta (premium) de más de 95 Ron,2323,2323
2026/08,2026-08-31 00:00:00,BAHIA BLANCA,GAS VICTORIA SAU,DON BOSCO ESQ JUNA MOLINA,PUMA,Gas Oil Grado 3,2541,2541
2026/08,2026-08-31 00:00:00,BAHIA BLANCA,GAS VICTORIA SAU,ALEM Nº 1,PUMA,Gas Oil Grado 3,2541,2541
2026/08,2026-08-31 00:00:00,BAHIA BLANCA,GAS VICTORIA SAU,ALEM Nº 1,PUMA,Nafta (premium) de más de 95 Ron,2323,2323
2026/08,2026-08-31 00:00:00,BAHIA BLANCA,GAS VICTORIA SAU,ALEM Nº 1,PUMA,Gas Oil Grado 2,2353,2353
2026/08,2026-08-31 00:00:00,BAHIA BLANCA,GAS VICTORIA SAU,DON BOSCO ESQ JUNA MOLINA,PUMA,Gas Oil Grado 2,2353,2353
2026/08,2026-08-31 00:00:00,BAHIA BLANCA,GAS VICTORIA SAU,ALEM Nº 1,PUMA,Nafta (súper) entre 92 y 95 Ron,2128,2128
2026/08,2026-08-31 00:00:00,BAHIA BLANCA,GAS VICTORIA SAU,DON BOSCO ESQ JUNA MOLINA,PUMA,Nafta (premium) de más de 95 Ron,2323,2323
2026/08,2026-08-31 00:00:00,BAHIA BLANCA,GAS VICTORIA SAU,DON BOSCO ESQ JUNA MOLINA,PUMA,Nafta (súper) entre 92 y 95 Ron,2128,2128
2026/08,2026-08-31 00:00:00,BAHIA BLANCA,GRUPO MIR BAHIA BLANCA S.R.L,11 DE ABRIL 201,YPF,Nafta (súper) entre 92 y 95 Ron,2110,2114.26
2026/08,2026-08-31 00:00:00,BAHIA BLANCA,GRUPO MIR BAHIA BLANCA S.R.L,11 DE ABRIL 201,YPF,Nafta (premium) de más de 95 Ron,2309,2302.22
2026/08,2026-08-31 00:00:00,BAHIA BLANCA,GRUPO MIR BAHIA BLANCA S.R.L,11 DE ABRIL 201,YPF,Gas Oil Grado 3,2429,2527.54
2026/08,2026-08-31 00:00:00,BAHIA BLANCA,LA AERO-VIA BHI SRL,JORGE NEWBERY 3150,YPF,Nafta (premium) de más de 95 Ron,2309,2309
2026/08,2026-08-31 00:00:00,BAHIA BLANCA,LA AERO-VIA BHI SRL,JORGE NEWBERY 3150,YPF,Nafta (súper) entre 92 y 95 Ron,2110,2110
2026/08,2026-08-31 00:00:00,BAHIA BLANCA,LA AERO-VIA BHI SRL,JORGE NEWBERY 3150,YPF,GNC,1030,1030
2026/08,2026-08-31 00:00:00,BAHIA BLANCA,LA AERO-VIA BHI SRL,JORGE NEWBERY 3150,YPF,Gas Oil Grado 3,2429,2429
2026/08,2026-08-31 00:00:00,BAHIA BLANCA,LA AERO-VIA BHI SRL,JORGE NEWBERY 3150,YPF,Gas Oil Grado 2,2257,2257
2026/08,2026-08-31 00:00:00,BAHIA BLANCA,LA TRI-VIA SRL,"RUTA NACIONAL 3     KM 704,5",YPF,Nafta (súper) entre 92 y 95 Ron,2110,2110
2026/08,2026-08-31 00:00:00,BAHIA BLANCA,LA TRI-VIA SRL,"RUTA NACIONAL 3     KM 704,5",YPF,Gas Oil Grado 2,2257,2257
2026/08,2026-08-31 00:00:00,BAHIA BLANCA,LA TRI-VIA SRL,"RUTA NACIONAL 3     KM 704,5",YPF,Gas Oil Grado 3,2429,2429
2026/08,2026-08-31 00:00:00,BAHIA BLANCA,LA TRI-VIA SRL,"RUTA NACIONAL 3     KM 704,5",YPF,GNC,1030,1030
2026/08,2026-08-31 00:00:00,BAHIA BLANCA,LA TRI-VIA SRL,"RUTA NACIONAL 3     KM 704,5",YPF,Nafta (premium) de más de 95 Ron,2309,2309
2026/08,2026-08-31 00:00:00,BAHIA BLANCA,MR COMBUSTIBLES SRL,ESTOMBA 198,PUMA,Gas Oil Grado 3,2541,2541
2026/08,2026-08-31 00:00:00,BAHIA BLANCA,MR COMBUSTIBLES SRL,ESTOMBA 198,PUMA,Gas Oil Grado 2,2353,2353
2026/08,2026-08-31 00:00:00,BAHIA BLANCA,MR COMBUSTIBLES SRL,ESTOMBA 198,PUMA,Nafta (súper) entre 92 y 95 Ron,2128,2128
2026/08,2026-08-31 00:00:00,BAHIA BLANCA,MR COMBUSTIBLES SRL,ESTOMBA 198,PUMA,Nafta (premium) de más de 95 Ron,2323,2323
2026/08,2026-08-31 00:00:00,BAHIA BLANCA,ODIMA S.A.,Montevideo 155,BLANCA,GNC,1030,1030
2026/08,2026-08-31 00:00:00,BAHIA BLANCA,OIL SUMINISTROS SA,AVENIDA COLON 671,YPF,Gas Oil Grado 2,2259,2237.3
2026/08,2026-08-31 00:00:00,BAHIA BLANCA,OIL SUMINISTROS SA,AVENIDA COLON 671,YPF,Nafta (premium) de más de 95 Ron,2309,2302.54
2026/08,2026-08-31 00:00:00,BAHIA BLANCA,OIL SUMINISTROS SA,AVENIDA COLON 671,YPF,Nafta (súper) entre 92 y 95 Ron,2109,2103.17
2026/08,2026-08-31 00:00:00,BAHIA BLANCA,OIL SUMINISTROS SA,AVENIDA COLON 671,YPF,Gas Oil Grado 3,2439,2418.01
2026/08,2026-08-31 00:00:00,BAHIA BLANCA,OIL SUMINISTROS SA,AVENIDA COLON 671,YPF,GNC,1030,1030
2026/08,2026-08-31 00:00:00,BAHIA BLANCA,OPESSA,Vieytes 24,YPF,Nafta (premium) de más de 95 Ron,2309,2309
2026/08,2026-08-31 00:00:00,BAHIA BLANCA,OPESSA,BRANDSEN 306,YPF,Gas Oil Grado 3,2429,2429
2026/08,2026-08-31 00:00:00,BAHIA BLANCA,OPESSA,Vieytes 24,YPF,Gas Oil Grado 3,2429,2429
2026/08,2026-08-31 00:00:00,BAHIA BLANCA,OPESSA,Vieytes 24,YPF,Nafta (súper) entre 92 y 95 Ron,2110,2110
2026/08,2026-08-31 00:00:00,BAHIA BLANCA,OPESSA,Vieytes 24,YPF,GNC,1030,1030
2026/08,2026-08-31 00:00:00,BAHIA BLANCA,OPESSA,PARCHAPPE Y NEUQUEN,YPF,GNC,1030,1030
2026/08,2026-08-31 00:00:00,BAHIA BLANCA,OPESSA,PARCHAPPE Y NEUQUEN,YPF,Gas Oil Grado 3,2429,2429
2026/08,2026-08-31 00:00:00,BAHIA BLANCA,OPESSA,PARCHAPPE Y NEUQUEN,YPF,Nafta (premium) de más de 95 Ron,2309,2309
2026/08,2026-08-31 00:00:00,BAHIA BLANCA,OPESSA,PARCHAPPE Y NEUQUEN,YPF,Nafta (súper) entre 92 y 95 Ron,2110,2110
2026/08,2026-08-31 00:00:00,BAHIA BLANCA,OPESSA,PARCHAPPE Y NEUQUEN,YPF,Gas Oil Grado 2,2257,2257
2026/08,2026-08-31 00:00:00,BAHIA BLANCA,OPESSA,BRANDSEN 306,YPF,Nafta (premium) de más de 95 Ron,2309,2309
2026/08,2026-08-31 00:00:00,BAHIA BLANCA,OPESSA,Vieytes 24,YPF,Gas Oil Grado 2,2257,2257
2026/08,2026-08-31 00:00:00,BAHIA BLANCA,OPESSA,BRANDSEN 306,YPF,Nafta (súper) entre 92 y 95 Ron,2110,2110
2026/08,2026-08-31 00:00:00,BAHIA BLANCA,PETROESTE DE E.ESTIVILL Y CIA. SH,ALEM 1820,YPF,Gas Oil Grado 3,2429,2399.79
2026/08,2026-08-31 00:00:00,BAHIA BLANCA,PETROESTE DE E.ESTIVILL Y CIA. SH,ALEM 1820,YPF,Gas Oil Grado 2,2257,2240.03
2026/08,2026-08-31 00:00:00,BAHIA BLANCA,PETROESTE DE E.ESTIVILL Y CIA. SH,ALEM 1820,YPF,Nafta (premium) de más de 95 Ron,2309,2301.04
2026/08,2026-08-31 00:00:00,BAHIA BLANCA,PETROESTE DE E.ESTIVILL Y CIA. SH,ALEM 1820,YPF,Nafta (súper) entre 92 y 95 Ron,2110,2101.84
2026/08,2026-08-31 00:00:00,BAHIA BLANCA,PETROESTE DE E.ESTIVILL Y CIA. SH,ALEM 1820,YPF,GNC,1030,1030
2026/08,2026-08-31 00:00:00,BAHIA BLANCA,PETROESTE SA,Don Bosco  1820,YPF,Gas Oil Grado 3,2429,2399.79
2026/08,2026-08-31 00:00:00,BAHIA BLANCA,PETROESTE SA,Don Bosco  1820,YPF,Gas Oil Grado 2,2257,2240.03
2026/08,2026-08-31 00:00:00,BAHIA BLANCA,PETROESTE SA,Don Bosco  1820,YPF,Nafta (premium) de más de 95 Ron,2309,2301.04
2026/08,2026-08-31 00:00:00,BAHIA BLANCA,PETROESTE SA,Don Bosco  1820,YPF,Nafta (súper) entre 92 y 95 Ron,2110,2101.84
2026/08,2026-08-31 00:00:00,BAHIA BLANCA,PETROESTE SA,Don Bosco  1820,YPF,GNC,1030,1030
2026/08,2026-08-31 00:00:00,BAHIA BLANCA,REFINERIA BAHIA BLANCA S.A.U.,CNO. PARQUE SESQUICENTENARIO 5017 Y PEDRO PICO  0,PUMA,Nafta (premium) de más de 95 Ron,2316.48,2316.48
2026/08,2026-08-31 00:00:00,BAHIA BLANCA,REFINERIA BAHIA BLANCA S.A.U.,CNO. PARQUE SESQUICENTENARIO 5017 Y PEDRO PICO  0,PUMA,GNC,1029,1029
2026/08,2026-08-31 00:00:00,BAHIA BLANCA,REFINERIA BAHIA BLANCA S.A.U.,CNO. PARQUE SESQUICENTENARIO 5017 Y PEDRO PICO  0,PUMA,Nafta (súper) entre 92 y 95 Ron,2117.01,2117.01
2026/08,2026-08-31 00:00:00,BAHIA BLANCA,REFINERIA BAHIA BLANCA S.A.U.,CNO. PARQUE SESQUICENTENARIO 5017 Y PEDRO PICO  0,PUMA,Gas Oil Grado 2,2353,2353
2026/08,2026-08-31 00:00:00,BAHIA BLANCA,REFINERIA BAHIA BLANCA S.A.U.,CNO. PARQUE SESQUICENTENARIO 5017 Y PEDRO PICO  0,PUMA,Gas Oil Grado 3,2514.39,2514.39
2026/08,2026-08-31 00:00:00,BAHIA BLANCA,RODOPETROL SA,ALEM 1090,AXION,Nafta (premium) de más de 95 Ron,2449,2442.08
2026/08,2026-08-31 00:00:00,BAHIA BLANCA,RODOPETROL SA,ALEM 1090,AXION,Gas Oil Grado 3,2499,2494.34
2026/08,2026-08-31 00:00:00,BAHIA BLANCA,RODOPETROL SA,ALEM 1090,AXION,Gas Oil Grado 2,2379,2365.83
2026/08,2026-08-31 00:00:00,BAHIA BLANCA,RODOPETROL SA,ALEM 1090,AXION,Nafta (súper) entre 92 y 95 Ron,2169,2165.58
2026/08,2026-08-31 00:00:00,BAHIA BLANCA,RODOVIA S.A.,RUTA 3 SUR KM. 696.5,AXION,Gas Oil Grado 2,2399,2376.45
2026/08,2026-08-31 00:00:00,BAHIA BLANCA,RODOVIA S.A.,RUTA 3 SUR KM. 696.5,AXION,Nafta (súper) entre 92 y 95 Ron,2199,2191.43
2026/08,2026-08-31 00:00:00,BAHIA BLANCA,RODOVIA S.A.,RUTA 3 SUR KM. 696.5,AXION,Gas Oil Grado 3,2499,2502.82
2026/08,2026-08-31 00:00:00,BAHIA BLANCA,RODOVIA S.A.,RUTA 3 SUR KM. 696.5,AXION,Nafta (premium) de más de 95 Ron,2499,2483.75
2026/08,2026-08-31 00:00:00,BAHIA BLANCA,SANTANAFESSA Y GRIPPO SH,MAIPU 1403,BLANCA,Gas Oil Grado 2,2599,2599
2026/08,2026-08-31 00:00:00,BAHIA BLANCA,SANTANAFESSA Y GRIPPO SH,MAIPU 1403,BLANCA,Gas Oil Grado 3,2699,2699
2026/08,2026-08-31 00:00:00,BAHIA BLANCA,SANTANAFESSA Y GRIPPO SH,MAIPU 1403,BLANCA,Nafta (premium) de más de 95 Ron,2652,2652
2026/08,2026-08-31 00:00:00,BAHIA BLANCA,SANTANAFESSA Y GRIPPO SH,MAIPU 1403,BLANCA,Nafta (súper) entre 92 y 95 Ron,2289,2289
2026/08,2026-08-31 00:00:00,BAHIA BLANCA,SERVICIOS PILMAYQUEN SRL,PILMAYQUEN 30,AXION,GNC,1030,1030
2026/08,2026-08-31 00:00:00,BAHIA BLANCA,SERVICIOS PILMAYQUEN SRL,PILMAYQUEN 30,AXION,Nafta (premium) de más de 95 Ron,2479,2479
2026/08,2026-08-31 00:00:00,BAHIA BLANCA,SERVICIOS PILMAYQUEN SRL,PILMAYQUEN 30,AXION,Gas Oil Grado 2,2399,2399
2026/08,2026-08-31 00:00:00,BAHIA BLANCA,SERVICIOS PILMAYQUEN SRL,PILMAYQUEN 30,AXION,Nafta (súper) entre 92 y 95 Ron,2199,2199
2026/08,2026-08-31 00:00:00,BAHIA BLANCA,SERVICIOS PILMAYQUEN SRL,PILMAYQUEN 30,AXION,Gas Oil Grado 3,2529,2529
2026/08,2026-08-31 00:00:00,BAHIA BLANCA,SOLAGUS S.A.,BRANDSEN 470,PUMA,Gas Oil Grado 3,2541,2523.32
2026/08,2026-08-31 00:00:00,BAHIA BLANCA,SOLAGUS S.A.,BRANDSEN 470,PUMA,Gas Oil Grado 2,2353,2263.81
2026/08,2026-08-31 00:00:00,BAHIA BLANCA,SOLAGUS S.A.,BRANDSEN 470,PUMA,Nafta (premium) de más de 95 Ron,2323,2318.6
2026/08,2026-08-31 00:00:00,BAHIA BLANCA,SOLAGUS S.A.,BRANDSEN 470,PUMA,Nafta (súper) entre 92 y 95 Ron,2128,2121.02
2026/08,2026-08-31 00:00:00,BAHIA BLANCA,SOLGUER SRL,MALVINAS 4125,PUMA,Nafta (súper) entre 92 y 95 Ron,2128,2116.38
2026/08,2026-08-31 00:00:00,BAHIA BLANCA,SOLGUER SRL,MALVINAS 4125,PUMA,Nafta (premium) de más de 95 Ron,2323,2314.2
2026/08,2026-08-31 00:00:00,BAHIA BLANCA,SOLGUER SRL,MALVINAS 4125,PUMA,Gas Oil Grado 2,2353,2283
2026/08,2026-08-31 00:00:00,BAHIA BLANCA,SOLGUER SRL,MALVINAS 4125,PUMA,Gas Oil Grado 3,2541,2465.07
2026/08,2026-08-31 00:00:00,BAHIA BLANCA,SUPER PERU SRL,ESTOMBA 983,YPF,Gas Oil Grado 2,2257,2271.1
2026/08,2026-08-31 00:00:00,BAHIA BLANCA,SUPER PERU SRL,ESTOMBA 983,YPF,Nafta (premium) de más de 95 Ron,2309,2302.08
2026/08,2026-08-31 00:00:00,BAHIA BLANCA,SUPER PERU SRL,ESTOMBA 983,YPF,Nafta (súper) entre 92 y 95 Ron,2110,2103.27
2026/08,2026-08-31 00:00:00,BAHIA BLANCA,SUPER PERU SRL,ESTOMBA 983,YPF,Gas Oil Grado 3,2429,2422.12
